Workbook

Sheet Данные
A1: ФИО менеджера | B1: ФИО клиента | C1: Дата сделки | D1: Сумма сделки
A2: Иванова Анна Сергеевна | B2: Орлов Виктор Викторович | C2: 46023 | D2: 41436
A3: Иванова Анна Сергеевна | B3: Семенов Антон Ильич | C3: 46023 | D3: 44883
A4: Кузнецов Максим Алексеевич | B4: Степанова Виктория Федоровна | C4: 46023 | D4: 16433
A5: Новикова Ольга Викторовна | B5: Зайцева Марина Антоновна | C5: 46023 | D5: 9658
A6: Ткаченко Андрей Олегович | B6: Ковалева Александра Сергеевна | C6: 46023 | D6: 27985
A7: Ткаченко Андрей Олегович | B7: Никитин Иван Николаевич | C7: 46023 | D7: 25033
A8: Ткаченко Андрей Олегович | B8: Романова Виктория Алексеевна | C8: 46023 | D8: 33343
A9: Фролов Сергей Викторович | B9: Захаров Антон Евгеньевич | C9: 46023 | D9: 40443
A10: Фролов Сергей Викторович | B10: Романов Антон Игоревич | C10: 46023 | D10: 38723 | E10: ё
A11: Фролов Сергей Викторович | B11: Смирнова Александра Николаевна | C11: 46023 | D11: 29308
A12: Яковлев Артем Игоревич | B12: Алексеев Виктор Игоревич | C12: 46023 | D12: 44798
A13: Яковлев Артем Игоревич | B13: Баранова Ирина Павловна | C13: 46023 | D13: 39017
A14: Яковлев Артем Игоревич | B14: Егоров Денис Федорович | C14: 46023 | D14: 32261
A15: Яковлев Артем Игоревич | B15: Степанов Антон Максимович | C15: 46023 | D15: 29210
A16: Волков Дмитрий Романович | B16: Ковалева Надежда Викторовна | C16: 46024 | D16: 14844
A17: Морозова Елена Андреевна | B17: Кузнецов Андрей Александрович | C17: 46024 | D17: 17361
A18: Морозова Елена Андреевна | B18: Романов Артем Владимирович | C18: 46024 | D18: 21486
A19: Семенова Ирина Валерьевна | B19: Иванова Надежда Юрьевна | C19: 46024 | D19: 26921
A20: Ткаченко Андрей Олегович | B20: Куликова Алина Павловна | C20: 46024 | D20: 27774
A21: Ткаченко Андрей Олегович | B21: Степанов Евгений Владимирович | C21: 46024 | D21: 12103
A22: Фролов Сергей Викторович | B22: Егоров Евгений Федорович | C22: 46024 | D22: 48303
... A3021: Яковлев Артем Игоревич | B3021: Степанова Алина Сергеевна | C3021: 46265 | D3021: 45440

Sheet ABC Менеджеры сумма
G1: X | H1: Y1 | J1: Xa-bc | K1: Ya-bc | M1: Перпендикуляры
G2: 0 | H2: 0 | J2: 0.2 | K2: 0.83262232
G3: 1 | H3: 1 | J3: =J2 -> 0.2 | K3: 0
G5: X | H5: Y2 | J5: Xb-c | K5: Yb-c
G6: 0.2 | H6: 0.83262232 | J6: 0.55 | K6: 0.96966722
G7: 1 | H7: 1 | J7: =J6 -> 0.55 | K7: 0
D21: 20/30/50 | E21: 80/15/5
A22: Названия строк | B22: Сумма по полю Сумма сделки | C22: Номер | D22: X | E22: Y0 | F22: Y1 | G22: Y0-Y1 | H22: Y2 | I22: Y0-Y2 | J22: ABC
A23: Яковлев Артем Игоревич | B23: 0.44906983 | C23: 1 | D23: =C23/MAX(C:C) -> 0.05 | E23: =B23 -> 0.44906983 | F23: =D23 -> 0.05 | G23: =E23-F23 -> 0.39906983 | H23: =0.2092*D23+0.7908 -> 0.80126 | I23: =E23-H23 -> -0.35219017 | J23: A
A24: Фролов Сергей Викторович | B24: 0.64770716 | C24: 2 | D24: =C24/MAX(C:C) -> 0.1 | E24: =B24 -> 0.64770716 | F24: =D24 -> 0.1 | G24: =E24-F24 -> 0.54770716 | H24: =0.2092*D24+0.7908 -> 0.81172 | I24: =E24-H24 -> -0.16401284 | J24: A
A25: Иванова Анна Сергеевна | B25: 0.76750556 | C25: 3 | D25: =C25/MAX(C:C) -> 0.15 | E25: =B25 -> 0.76750556 | F25: =D25 -> 0.15 | G25: =E25-F25 -> 0.61750556 | H25: =0.2092*D25+0.7908 -> 0.82218 | I25: =E25-H25 -> -0.054674442 | J25: A
A26: Ткаченко Андрей Олегович | B26: 0.83262232 | C26: 4 | D26: =C26/MAX(C:C) -> 0.2 | E26: =B26 -> 0.83262232 | F26: =D26 -> 0.2 | G26: =E26-F26 -> 0.63262232 | H26: =0.2092*D26+0.7908 -> 0.83264 | I26: =E26-H26 -> -1.7680124e-05 | J26: A
A27: Семенова Ирина Валерьевна | B27: 0.86902555 | C27: 5 | D27: =C27/MAX(C:C) -> 0.25 | E27: =B27 -> 0.86902555 | F27: =D27 -> 0.25 | G27: =E27-F27 -> 0.61902555 | H27: =0.2092*D27+0.7908 -> 0.8431 | I27: =E27-H27 -> 0.02592555 | J27: B
A28: Орлов Павел Денисович | B28: 0.89680527 | C28: 6 | D28: =C28/MAX(C:C) -> 0.3 | E28: =B28 -> 0.89680527 | F28: =D28 -> 0.3 | G28: =E28-F28 -> 0.59680527 | H28: =0.2092*D28+0.7908 -> 0.85356 | I28: =E28-H28 -> 0.043245266 | J28: B
A29: Кузнецов Максим Алексеевич | B29: 0.91731977 | C29: 7 | D29: =C29/MAX(C:C) -> 0.35 | E29: =B29 -> 0.91731977 | F29: =D29 -> 0.35 | G29: =E29-F29 -> 0.56731977 | H29: =0.2092*D29+0.7908 -> 0.86402 | I29: =E29-H29 -> 0.053299772 | J29: B
A30: Морозова Елена Андреевна | B30: 0.93556061 | C30: 8 | D30: =C30/MAX(C:C) -> 0.4 | E30: =B30 -> 0.93556061 | F30: =D30 -> 0.4 | G30: =E30-F30 -> 0.53556061 | H30: =0.2092*D30+0.7908 -> 0.87448 | I30: =E30-H30 -> 0.061080608 | J30: B
A31: Волков Дмитрий Романович | B31: 0.94799715 | C31: 9 | D31: =C31/MAX(C:C) -> 0.45 | E31: =B31 -> 0.94799715 | F31: =D31 -> 0.45 | G31: =E31-F31 -> 0.49799715 | H31: =0.2092*D31+0.7908 -> 0.88494 | I31: =E31-H31 -> 0.063057154 | J31: B
A32: Соколова Мария Ильинична | B32: 0.95891524 | C32: 10 | D32: =C32/MAX(C:C) -> 0.5 | E32: =B32 -> 0.95891524 | F32: =D32 -> 0.5 | G32: =E32-F32 -> 0.45891524 | H32: =0.2092*D32+0.7908 -> 0.8954 | I32: =E32-H32 -> 0.063515242 | J32: C
A33: Лебедев Николай Олегович | B33: 0.96966722 | C33: 11 | D33: =C33/MAX(C:C) -> 0.55 | E33: =B33 -> 0.96966722 | F33: =D33 -> 0.55 | G33: =E33-F33 -> 0.41966722 | H33: =0.2092*D33+0.7908 -> 0.90586 | I33: =E33-H33 -> 0.063807218 | J33: C
A34: Новикова Ольга Викторовна | B34: 0.97851083 | C34: 12 | D34: =C34/MAX(C:C) -> 0.6 | E34: =B34 -> 0.97851083 | F34: =D34 -> 0.6 | G34: =E34-F34 -> 0.37851083 | H34: =0.2092*D34+0.7908 -> 0.91632 | I34: =E34-H34 -> 0.062190826 | J34: C
... A42: Михайлова Алина Романовна | B42: 1 | C42: 20 | D42: =C42/MAX(C:C) -> 1 | E42: =B42 -> 1 | F42: =D42 -> 1 | G42: =E42-F42 -> 0 | H42: =0.2092*D42+0.7908 -> 1 | I42: =E42-H42 -> 0 | J42: C

Sheet ABC Менеджеры сделки
G1: X | H1: Y1 | J1: Xa-bc | K1: Ya-bc | M1: перпендикуляр
G2: 0 | H2: 0 | J2: 0.2 | K2: 0.71622517
G3: 1 | H3: 1 | J3: =J2 -> 0.2 | K3: 0
G5: X | H5: Y2 | J5: Xb-c | K5: Yb-c
G6: 0.2 | H6: 0.71622517 | J6: 0.6 | K6: 0.95099338
G7: 1 | H7: 1 | J7: =J6 -> 0.6 | K7: 0
D21: 20/30/50 | E21: 80/15/5
A22: Названия строк | B22: Количество | C22: Номер | D22: X | E22: Y0 | F22: Y1 | G22: Y0-Y1 | H22: Y2 | I22: Y0-Y2 | J22: ABC
A23: Яковлев Артем Игоревич | B23: 0.35430464 | C23: 1 | D23: =C23/MAX(C:C) -> 0.05 | E23: =B23 -> 0.35430464 | F23: =D23 -> 0.05 | G23: =E23-F23 -> 0.30430464 | H23: =0.3547*D23+0.6453 -> 0.663035 | I23: =E23-H23 -> -0.30873036 | J23: A
A24: Фролов Сергей Викторович | B24: 0.53940397 | C24: 2 | D24: =C24/MAX(C:C) -> 0.1 | E24: =B24 -> 0.53940397 | F24: =D24 -> 0.1 | G24: =E24-F24 -> 0.43940397 | H24: =0.3547*D24+0.6453 -> 0.68077 | I24: =E24-H24 -> -0.14136603 | J24: A
A25: Иванова Анна Сергеевна | B25: 0.64635762 | C25: 3 | D25: =C25/MAX(C:C) -> 0.15 | E25: =B25 -> 0.64635762 | F25: =D25 -> 0.15 | G25: =E25-F25 -> 0.49635762 | H25: =0.3547*D25+0.6453 -> 0.698505 | I25: =E25-H25 -> -0.052147384 | J25: A
A26: Ткаченко Андрей Олегович | B26: 0.71622517 | C26: 4 | D26: =C26/MAX(C:C) -> 0.2 | E26: =B26 -> 0.71622517 | F26: =D26 -> 0.2 | G26: =E26-F26 -> 0.51622517 | H26: =0.3547*D26+0.6453 -> 0.71624 | I26: =E26-H26 -> -1.4834437e-05 | J26: A
A27: Семенова Ирина Валерьевна | B27: 0.76490066 | C27: 5 | D27: =C27/MAX(C:C) -> 0.25 | E27: =B27 -> 0.76490066 | F27: =D27 -> 0.25 | G27: =E27-F27 -> 0.51490066 | H27: =0.3547*D27+0.6453 -> 0.733975 | I27: =E27-H27 -> 0.030925662 | J27: B
A28: Орлов Павел Денисович | B28: 0.80596026 | C28: 6 | D28: =C28/MAX(C:C) -> 0.3 | E28: =B28 -> 0.80596026 | F28: =D28 -> 0.3 | G28: =E28-F28 -> 0.50596026 | H28: =0.3547*D28+0.6453 -> 0.75171 | I28: =E28-H28 -> 0.054250265 | J28: B
A29: Кузнецов Максим Алексеевич | B29: 0.83940397 | C29: 7 | D29: =C29/MAX(C:C) -> 0.35 | E29: =B29 -> 0.83940397 | F29: =D29 -> 0.35 | G29: =E29-F29 -> 0.48940397 | H29: =0.3547*D29+0.6453 -> 0.769445 | I29: =E29-H29 -> 0.069958974 | J29: B
A30: Морозова Елена Андреевна | B30: 0.86887417 | C30: 8 | D30: =C30/MAX(C:C) -> 0.4 | E30: =B30 -> 0.86887417 | F30: =D30 -> 0.4 | G30: =E30-F30 -> 0.46887417 | H30: =0.3547*D30+0.6453 -> 0.78718 | I30: =E30-H30 -> 0.081694172 | J30: B
A31: Волков Дмитрий Романович | B31: 0.89304636 | C31: 9 | D31: =C31/MAX(C:C) -> 0.45 | E31: =B31 -> 0.89304636 | F31: =D31 -> 0.45 | G31: =E31-F31 -> 0.44304636 | H31: =0.3547*D31+0.6453 -> 0.804915 | I31: =E31-H31 -> 0.088131358 | J31: B
A32: Соколова Мария Ильинична | B32: 0.91423841 | C32: 10 | D32: =C32/MAX(C:C) -> 0.5 | E32: =B32 -> 0.91423841 | F32: =D32 -> 0.5 | G32: =E32-F32 -> 0.41423841 | H32: =0.3547*D32+0.6453 -> 0.82265 | I32: =E32-H32 -> 0.091588411 | J32: C
A33: Лебедев Николай Олегович | B33: 0.93311258 | C33: 11 | D33: =C33/MAX(C:C) -> 0.55 | E33: =B33 -> 0.93311258 | F33: =D33 -> 0.55 | G33: =E33-F33 -> 0.38311258 | H33: =0.3547*D33+0.6453 -> 0.840385 | I33: =E33-H33 -> 0.092727583 | J33: C
A34: Новикова Ольга Викторовна | B34: 0.95099338 | C34: 12 | D34: =C34/MAX(C:C) -> 0.6 | E34: =B34 -> 0.95099338 | F34: =D34 -> 0.6 | G34: =E34-F34 -> 0.35099338 | H34: =0.3547*D34+0.6453 -> 0.85812 | I34: =E34-H34 -> 0.092873377 | J34: C
... A42: Егоров Илья Александрович | B42: 1 | C42: 20 | D42: =C42/MAX(C:C) -> 1 | E42: =B42 -> 1 | F42: =D42 -> 1 | G42: =E42-F42 -> 0 | H42: =0.3547*D42+0.6453 -> 1 | I42: =E42-H42 -> 0 | J42: C

Sheet ABC Менеджеры
B7: ФИО Менеджера (по алфавиту) | C7: ABC по сумме сделки | D7: ABC по количеству сделок
A8: 1 | B8: Васильева Дарья Павловна | C8: =VLOOKUP(B8,'ABC Менеджеры сумма'!$A$23:$J$42,10,0) -> C | D8: =VLOOKUP(B8,'ABC Менеджеры сделки'!$A$23:$J$42,10,0) -> C
A9: 2 | B9: Волков Дмитрий Романович | C9: =VLOOKUP(B9,'ABC Менеджеры сумма'!$A$23:$J$42,10,0) -> B | D9: =VLOOKUP(B9,'ABC Менеджеры сделки'!$A$23:$J$42,10,0) -> B
A10: 3 | B10: Егоров Илья Александрович | C10: =VLOOKUP(B10,'ABC Менеджеры сумма'!$A$23:$J$42,10,0) -> C | D10: =VLOOKUP(B10,'ABC Менеджеры сделки'!$A$23:$J$42,10,0) -> C
A11: 4 | B11: Иванова Анна Сергеевна | C11: =VLOOKUP(B11,'ABC Менеджеры сумма'!$A$23:$J$42,10,0) -> A | D11: =VLOOKUP(B11,'ABC Менеджеры сделки'!$A$23:$J$42,10,0) -> A
A12: 5 | B12: Козлов Алексей Михайлович | C12: =VLOOKUP(B12,'ABC Менеджеры сумма'!$A$23:$J$42,10,0) -> C | D12: =VLOOKUP(B12,'ABC Менеджеры сделки'!$A$23:$J$42,10,0) -> C
A13: 6 | B13: Кузнецов Максим Алексеевич | C13: =VLOOKUP(B13,'ABC Менеджеры сумма'!$A$23:$J$42,10,0) -> B | D13: =VLOOKUP(B13,'ABC Менеджеры сделки'!$A$23:$J$42,10,0) -> B
A14: 7 | B14: Лебедев Николай Олегович | C14: =VLOOKUP(B14,'ABC Менеджеры сумма'!$A$23:$J$42,10,0) -> C | D14: =VLOOKUP(B14,'ABC Менеджеры сделки'!$A$23:$J$42,10,0) -> C
A15: 8 | B15: Михайлова Алина Романовна | C15: =VLOOKUP(B15,'ABC Менеджеры сумма'!$A$23:$J$42,10,0) -> C | D15: =VLOOKUP(B15,'ABC Менеджеры сделки'!$A$23:$J$42,10,0) -> C
A16: 9 | B16: Морозова Елена Андреевна | C16: =VLOOKUP(B16,'ABC Менеджеры сумма'!$A$23:$J$42,10,0) -> B | D16: =VLOOKUP(B16,'ABC Менеджеры сделки'!$A$23:$J$42,10,0) -> B
A17: 10 | B17: Новикова Ольга Викторовна | C17: =VLOOKUP(B17,'ABC Менеджеры сумма'!$A$23:$J$42,10,0) -> C | D17: =VLOOKUP(B17,'ABC Менеджеры сделки'!$A$23:$J$42,10,0) -> C
A18: 11 | B18: Орлов Павел Денисович | C18: =VLOOKUP(B18,'ABC Менеджеры сумма'!$A$23:$J$42,10,0) -> B | D18: =VLOOKUP(B18,'ABC Менеджеры сделки'!$A$23:$J$42,10,0) -> B
A19: 12 | B19: Павлова Татьяна Сергеевна | C19: =VLOOKUP(B19,'ABC Менеджеры сумма'!$A$23:$J$42,10,0) -> C | D19: =VLOOKUP(B19,'ABC Менеджеры сделки'!$A$23:$J$42,10,0) -> C
B20: Попов Кирилл Денисович | C20: =VLOOKUP(B20,'ABC Менеджеры сумма'!$A$23:$J$42,10,0) -> C | D20: =VLOOKUP(B20,'ABC Менеджеры сделки'!$A$23:$J$42,10,0) -> C
B21: Семенова Ирина Валерьевна | C21: =VLOOKUP(B21,'ABC Менеджеры сумма'!$A$23:$J$42,10,0) -> B | D21: =VLOOKUP(B21,'ABC Менеджеры сделки'!$A$23:$J$42,10,0) -> B
B22: Смирнов Евгений Андреевич | C22: =VLOOKUP(B22,'ABC Менеджеры сумма'!$A$23:$J$42,10,0) -> C | D22: =VLOOKUP(B22,'ABC Менеджеры сделки'!$A$23:$J$42,10,0) -> C
B23: Соколова Мария Ильинична | C23: =VLOOKUP(B23,'ABC Менеджеры сумма'!$A$23:$J$42,10,0) -> C | D23: =VLOOKUP(B23,'ABC Менеджеры сделки'!$A$23:$J$42,10,0) -> C
B24: Ткаченко Андрей Олегович | C24: =VLOOKUP(B24,'ABC Менеджеры сумма'!$A$23:$J$42,10,0) -> A | D24: =VLOOKUP(B24,'ABC Менеджеры сделки'!$A$23:$J$42,10,0) -> A
B25: Федорова Ксения Максимовна | C25: =VLOOKUP(B25,'ABC Менеджеры сумма'!$A$23:$J$42,10,0) -> C | D25: =VLOOKUP(B25,'ABC Менеджеры сделки'!$A$23:$J$42,10,0) -> C
B26: Фролов Сергей Викторович | C26: =VLOOKUP(B26,'ABC Менеджеры сумма'!$A$23:$J$42,10,0) -> A | D26: =VLOOKUP(B26,'ABC Менеджеры сделки'!$A$23:$J$42,10,0) -> A
B27: Яковлев Артем Игоревич | C27: =VLOOKUP(B27,'ABC Менеджеры сумма'!$A$23:$J$42,10,0) -> A | D27: =VLOOKUP(B27,'ABC Менеджеры сделки'!$A$23:$J$42,10,0) -> A

Sheet ABC_XYZ Клиенты
A1: Названия строк | B1: Сумма по полю Сумма сделки | C1: ABC | I1: Клиент | J1: вариация | K1: ABC | L1: XYZ | M1: сумма | X1: Сумма по полю сумма | Y1: Названия столбцов
A2: Алексеев Виктор Игоревич | B2: 1344804 | C2: =VLOOKUP(B2,$O$7:$P$9,2,1) -> C | I2: Смирнов Александр Александрович | J2: 0.081403927 | K2: A | L2: X | M2: 992271 | X2: Названия строк | Y2: X | Z2: Y | AA2: Z
A3: Андреева Анастасия Юрьевна | B3: 590007 | C3: =VLOOKUP(B3,$O$7:$P$9,2,1) -> C | I3: Зайцева Екатерина Владимировна | J3: 0.035104019 | K3: A | L3: X | M3: 1025017 | O3: 0 | P3: X | X3: A | Y3: 30744564 | Z3: 24403338 | AA3: 21127810
A4: Андреева Ольга Павловна | B4: 328749 | C4: =VLOOKUP(B4,$O$7:$P$9,2,1) -> C | I4: Петров Михаил Денисович | J4: 0.031776146 | K4: A | L4: X | M4: 1305842 | O4: 0.1 | P4: Y | X4: B | Y4: 5843358 | Z4: 4138973 | AA4: 4239267
A5: Баранов Алексей Антонович | B5: 1347996 | C5: =VLOOKUP(B5,$O$7:$P$9,2,1) -> C | I5: Смирнова Ксения Дмитриевна | J5: 0.031434225 | K5: A | L5: X | M5: 1306215 | O5: 0.25 | P5: Z | X5: C | Y5: 2052364 | Z5: 1510312 | AA5: 1285373
A6: Баранов Юрий Романович | B6: 117168 | C6: =VLOOKUP(B6,$O$7:$P$9,2,1) -> C | I6: Васильев Виктор Романович | J6: 0.03033284 | K6: A | L6: X | M6: 1001991
A7: Баранова Александра Николаевна | B7: 480153 | C7: =VLOOKUP(B7,$O$7:$P$9,2,1) -> C | I7: Семенов Антон Ильич | J7: 0.030170773 | K7: A | L7: X | M7: 347187 | O7: 0 | P7: A
A8: Баранова Ирина Павловна | B8: 952744 | C8: =VLOOKUP(B8,$O$7:$P$9,2,1) -> C | I8: Тарасов Никита Артемович | J8: 0.03016464 | K8: A | L8: X | M8: 291435 | O8: 0.8 | P8: B
A9: Баранова Марина Михайловна | B9: 129455 | C9: =VLOOKUP(B9,$O$7:$P$9,2,1) -> C | I9: Васильева Наталья Николаевна | J9: 0.028573011 | K9: A | L9: X | M9: 541068 | O9: 0.95 | P9: C
A10: Белов Дмитрий Евгеньевич | B10: 580970 | C10: =VLOOKUP(B10,$O$7:$P$9,2,1) -> C | I10: Николаева Анастасия Дмитриевна | J10: 0.028086109 | K10: A | L10: X | M10: 285629
A11: Белов Иван Антонович | B11: 198123 | C11: =VLOOKUP(B11,$O$7:$P$9,2,1) -> C | I11: Павлов Иван Алексеевич | J11: 0.02799461 | K11: A | L11: X | M11: 1056432
A12: Белов Кирилл Алексеевич | B12: 219815 | C12: =VLOOKUP(B12,$O$7:$P$9,2,1) -> C | I12: Васильева Надежда Антоновна | J12: 0.027890473 | K12: A | L12: X | M12: 333284
A13: Белов Никита Дмитриевич | B13: 926198 | C13: =VLOOKUP(B13,$O$7:$P$9,2,1) -> C | I13: Новикова Наталья Ильинична | J13: 0.027732058 | K13: A | L13: X | M13: 449950
A14: Белов Олег Евгеньевич | B14: 144036 | C14: =VLOOKUP(B14,$O$7:$P$9,2,1) -> C | I14: Козлова Марина Ильинична | J14: 0.027588366 | K14: A | L14: X | M14: 1089858
A15: Белов Степан Иванович | B15: 1389632 | C15: =VLOOKUP(B15,$O$7:$P$9,2,1) -> C | I15: Белов Никита Дмитриевич | J15: 0.027553327 | K15: A | L15: X | M15: 926198 | R15: Сводная таблица
A16: Белов Юрий Алексеевич | B16: 132757 | C16: =VLOOKUP(B16,$O$7:$P$9,2,1) -> C | I16: Козлов Денис Артемович | J16: 0.027490196 | K16: A | L16: X | M16: 662213 | R16: количество клиентов каждой категории
A17: Белова Дарья Александровна | B17: 423974 | C17: =VLOOKUP(B17,$O$7:$P$9,2,1) -> C | I17: Павлов Федор Артемович | J17: 0.027355183 | K17: A | L17: X | M17: 738946 | S17: X | T17: Y | U17: Z
A18: Белова Ольга Викторовна | B18: 488684 | C18: =VLOOKUP(B18,$O$7:$P$9,2,1) -> C | I18: Соколова Алина Алексеевна | J18: 0.027325058 | K18: A | L18: X | M18: 374160 | R18: A | S18: 47 | T18: 36 | U18: 34
A19: Борисов Алексей Евгеньевич | B19: 534168 | C19: =VLOOKUP(B19,$O$7:$P$9,2,1) -> C | I19: Федорова Екатерина Сергеевна | J19: 0.027127579 | K19: A | L19: X | M19: 717239 | R19: B | S19: 32 | T19: 22 | U19: 24
A20: Борисов Роман Сергеевич | B20: 358499 | C20: =VLOOKUP(B20,$O$7:$P$9,2,1) -> C | I20: Никитина Ольга Игоревна | J20: 0.026802658 | K20: A | L20: X | M20: 579506 | R20: C | S20: 17 | T20: 13 | U20: 12
A21: Борисова Наталья Евгеньевна | B21: 117891 | C21: =VLOOKUP(B21,$O$7:$P$9,2,1) -> C | I21: Романов Антон Игоревич | J21: 0.026738597 | K21: A | L21: X | M21: 627079
A22: Борисова Полина Николаевна | B22: 216061 | C22: =VLOOKUP(B22,$O$7:$P$9,2,1) -> C | I22: Михайлов Андрей Владимирович | J22: 0.026700423 | K22: A | L22: X | M22: 278878
A23: Васильев Борис Игоревич | B23: 163797 | C23: =VLOOKUP(B23,$O$7:$P$9,2,1) -> C | I23: Егоров Евгений Федорович | J23: 0.026089288 | K23: A | L23: X | M23: 378228 | R23: Сумма сделок в каждой категории
A24: Васильев Виктор Романович | B24: 1001991 | C24: =VLOOKUP(B24,$O$7:$P$9,2,1) -> C | I24: Павлова Виктория Романовна | J24: 0.025149582 | K24: A | L24: X | M24: 318801 | S24: X | T24: Y | U24: Z
A25: Васильев Никита Павлович | B25: 145322 | C25: =VLOOKUP(B25,$O$7:$P$9,2,1) -> C | I25: Васильева Наталья Ивановна | J25: 0.024895839 | K25: A | L25: X | M25: 432123 | R25: A | S25: 30744564 | T25: 24403338 | U25: 21127810
A26: Васильев Павел Николаевич | B26: 745349 | C26: =VLOOKUP(B26,$O$7:$P$9,2,1) -> C | I26: Козлов Максим Александрович | J26: 0.024573694 | K26: A | L26: X | M26: 437490 | R26: B | S26: 5843358 | T26: 4138973 | U26: 4239267
A27: Васильев Степан Денисович | B27: 150983 | C27: =VLOOKUP(B27,$O$7:$P$9,2,1) -> C | I27: Попов Илья Антонович | J27: 0.02448079 | K27: A | L27: X | M27: 431655 | R27: C | S27: 2052364 | T27: 1510312 | U27: 1285373
A28: Васильева Надежда Антоновна | B28: 333284 | C28: =VLOOKUP(B28,$O$7:$P$9,2,1) -> C | I28: Егоров Денис Федорович | J28: 0.024396581 | K28: A | L28: X | M28: 919027
A29: Васильева Наталья Ивановна | B29: 432123 | C29: =VLOOKUP(B29,$O$7:$P$9,2,1) -> C | I29: Иванова Ксения Антоновна | J29: 0.023627431 | K29: A | L29: X | M29: 528996
A30: Васильева Наталья Николаевна | B30: 541068 | C30: =VLOOKUP(B30,$O$7:$P$9,2,1) -> C | I30: Григорьева Ксения Сергеевна | J30: 0.022789394 | K30: A | L30: X | M30: 763160
A31: Васильева Юлия Викторовна | B31: 154598 | C31: =VLOOKUP(B31,$O$7:$P$9,2,1) -> C | I31: Баранова Александра Николаевна | J31: 0.022578554 | K31: A | L31: X | M31: 480153
A32: Волков Кирилл Дмитриевич | B32: 840539 | C32: =VLOOKUP(B32,$O$7:$P$9,2,1) -> C | I32: Михайлов Иван Евгеньевич | J32: 0.02233743 | K32: A | L32: X | M32: 362741
A33: Волков Михаил Игоревич | B33: 747532 | C33: =VLOOKUP(B33,$O$7:$P$9,2,1) -> C | I33: Егорова Софья Юрьевна | J33: 0.022199842 | K33: A | L33: X | M33: 459760
A34: Волкова Алина Юрьевна | B34: 121954 | C34: =VLOOKUP(B34,$O$7:$P$9,2,1) -> C | I34: Белов Степан Иванович | J34: 0.021685609 | K34: A | L34: X | M34: 1389632
A35: Волкова Полина Михайловна | B35: 175662 | C35: =VLOOKUP(B35,$O$7:$P$9,2,1) -> C | I35: Борисов Алексей Евгеньевич | J35: 0.021666396 | K35: A | L35: X | M35: 534168
A36: Волкова Светлана Олеговна | B36: 108877 | C36: =VLOOKUP(B36,$O$7:$P$9,2,1) -> C | I36: Андреева Ольга Павловна | J36: 0.021382343 | K36: A | L36: X | M36: 328749
A37: Воробьев Денис Кириллович | B37: 122536 | C37: =VLOOKUP(B37,$O$7:$P$9,2,1) -> C | I37: Смирнов Юрий Федорович | J37: 0.021305055 | K37: A | L37: X | M37: 791470
A38: Воробьева Мария Николаевна | B38: 217002 | C38: =VLOOKUP(B38,$O$7:$P$9,2,1) -> C | I38: Белов Дмитрий Евгеньевич | J38: 0.020600933 | K38: A | L38: X | M38: 580970
A39: Воробьева Надежда Дмитриевна | B39: 1226025 | C39: =VLOOKUP(B39,$O$7:$P$9,2,1) -> C | I39: Семенов Федор Олегович | J39: 0.020462431 | K39: A | L39: X | M39: 322845
... A238: Яковлева Татьяна Максимовна | B238: 1272759 | C238: =VLOOKUP(B238,$O$7:$P$9,2,1) -> C | I238: Петрова Алина Андреевна | J238: 0.3815733 | K238: C | L238: Z | M238: 104443
